tokenizer,avg_length,avg_fertility,vocab_utilization,vocab_size,dataset_size
bpe_1024_finewebedu,1809.9158172607422,0.3954412562413315,0.99609375,1024,65536
bpe_131072_finewebedu,939.3526458740234,0.20584332501608738,0.9717864990234375,131072,65536
bpe_4096_finewebedu,1336.7750701904297,0.2912116645732929,0.9990234375,4096,65536
bpe_16384_finewebedu,1075.5281219482422,0.23437663192416885,0.99945068359375,16384,65536
bpe_32768_finewebedu,1005.1466522216797,0.21945310850622599,0.998687744140625,32768,65536
bpe_8192_finewebedu,1183.7142791748047,0.2580275329469369,0.9993896484375,8192,65536
bpe_65536_finewebedu,962.9247131347656,0.210667368768464,0.994232177734375,65536,65536
bpe_2048_finewebedu,1541.3043975830078,0.3358135636091898,0.998046875,2048,65536
